time,col1,col2,col3
Tue Apr 12 16:19:43 2022,0.5794906906364364,0.3838284820340978,0.12165663580359098
